id,name,desc,vibes,embed_text,embedding
1,Boho Dress,"Flowy, earthy tones for festival vibes. Lightweight cotton, tassel details.","['boho', 'cozy', 'festival']","Boho Dress. Flowy, earthy tones for festival vibes. Lightweight cotton, tassel details. Vibes: boho cozy festival","[-4.22598012e-02  1.22551350e-02  2.59799566e-02  4.25414257e-02
 -5.19127920e-02 -4.10755649e-02  9.27959234e-02 -1.25855789e-01
 -3.28303725e-02 -1.81773119e-02  8.49194359e-04 -9.93876904e-02
  3.62882018e-03 -7.93042630e-02  8.09784979e-02  4.60317023e-02
  1.25860080e-01 -3.77583429e-02  4.94685508e-02  5.09250835e-02
 -5.76183088e-02  3.14516574e-03  1.37634599e-03  1.72012776e-01
  6.66188821e-03 -3.10581475e-02  4.69059087e-02  1.06899746e-01
 -5.77751920e-02 -8.37414153e-03 -9.59071144e-02  8.26598182e-02
  7.73772374e-02 -2.24834587e-02 -4.42704521e-02  7.34549165e-02
  3.46419960e-02  2.23655300e-03  3.55293714e-02  9.84848440e-02
 -5.25029786e-02  1.24600856e-02  1.04730753e-02 -1.11554759e-02
  2.57443264e-03 -4.15835306e-02  4.65191044e-02 -3.23443003e-02
 -8.58855024e-02  1.10794708e-01  6.15835264e-02  2.85925507e-03
 -4.23726588e-02  4.06475440e-02 -1.36661734e-02  1.19658490e-03
 -2.12005153e-02  8.41758493e-03 -3.45293013e-03  4.06401120e-02
 -2.14669597e-03  2.27401946e-02 -3.71183641e-02  1.85446162e-02
  1.39947589e-02 -8.68457109e-02 -6.55328557e-02  6.69608414e-02
 -6.56442950e-03 -1.12714946e-01  7.23199323e-02 -3.32990149e-03
  5.35400100e-02  3.42668258e-02 -3.37231271e-02 -3.69850397e-02
  1.27918394e-02 -8.75375941e-02  1.44778229e-02 -2.42760647e-02
  2.39032926e-03 -5.38475476e-02  8.75902735e-03  2.03116443e-02
 -9.56327617e-02 -2.60305731e-03 -1.51132327e-02 -3.70124802e-02
 -1.32242233e-01  9.38340090e-03 -6.75361091e-03  2.86682807e-02
 -9.85484943e-02 -9.28879231e-02 -1.57774950e-03  9.89775732e-02
  3.58734168e-02  1.59981661e-02  7.68620297e-02  1.38328196e-02
 -2.30318867e-02 -2.25062552e-03  8.66480768e-02  2.43707821e-02
 -5.72300591e-02 -1.22117393e-01  5.82621507e-02  4.41157771e-03
  3.20680700e-02 -2.96383072e-02  6.14541881e-02 -6.62758723e-02
  5.21491207e-02 -6.34516701e-02 -2.02680342e-02  8.92911479e-02
 -8.21314659e-03  1.94006767e-02  1.18665807e-02 -1.55327953e-02
 -6.87829917e-03  6.61816671e-02  5.77050000e-02 -2.49304287e-02
  1.03830993e-02  2.24067029e-02  3.52374166e-02  1.97504724e-33
  8.34037438e-02  1.25124054e-02 -1.20100528e-02  4.76587676e-02
  5.17892353e-02 -2.98330933e-02 -7.75059611e-02 -9.47956145e-02
 -9.31353346e-02  3.84877324e-02  3.50570977e-02 -3.66054811e-02
 -4.31039408e-02  2.33272165e-02  4.38370332e-02 -1.94591824e-02
 -4.46789935e-02 -3.52548920e-02 -1.51855899e-02  4.49680351e-03
 -2.78816726e-02  5.74529022e-02 -5.60352728e-02  5.66481724e-02
 -4.97979484e-02 -2.22420841e-02  2.83759050e-02 -3.12580951e-02
 -8.91552716e-02  3.11671402e-02  1.11593924e-01 -1.22240037e-02
  8.02981704e-02 -5.88771924e-02 -6.31442070e-02 -5.60043864e-02
 -6.81811273e-02 -3.78847532e-02 -3.36290747e-02 -7.07140118e-02
  8.29830952e-03 -1.12438323e-02 -8.68269578e-02  9.09842327e-02
 -8.34611356e-02  6.62738597e-03  5.38745448e-02 -5.16909501e-03
  3.84047925e-02  3.61862443e-02  1.36882393e-02 -9.96542815e-03
  1.05243241e-02  2.39966232e-02  1.17487377e-02  2.43589841e-03
  6.22072630e-02 -3.91332097e-02  2.28676163e-02  3.10846325e-02
  7.18364790e-02  3.47436871e-03  8.55099130e-03 -1.23628169e-01
  2.16635596e-02 -6.73146546e-02  2.49037202e-02  2.17817556e-02
  2.64215320e-02 -1.43972691e-02  4.01352672e-03  3.95032503e-02
  1.49117419e-02 -3.99740189e-02 -3.19069028e-02  5.45465648e-02
  4.98274602e-02 -1.59229022e-02  6.40025511e-02  3.13016549e-02
 -8.00663531e-02 -2.01986432e-02  6.79805279e-02  4.37166765e-02
 -1.90795157e-02  1.94548909e-02  5.53371496e-02 -2.96657789e-03
 -3.41310166e-02  1.98076349e-02  1.67165324e-02  7.98084866e-03
  3.90305705e-02 -1.22584790e-01 -5.07417321e-02 -2.41620899e-33
  7.99923316e-02 -3.08019831e-03 -4.21638303e-02 -3.44511331e-03
  2.35754419e-02  2.24573095e-03 -5.62791340e-02 -1.65531896e-02
  2.66056191e-02  5.80828497e-03  3.45496461e-02 -1.98896462e-03
 -1.69998650e-02  5.27861994e-03  4.34417352e-02 -3.47343981e-02
 -3.53191122e-02  3.68296281e-02  2.80844513e-02  3.22989002e-02
 -2.02141833e-02  3.25033441e-02 -5.65530844e-02 -6.09778948e-02
 -9.76203531e-02 -2.08101571e-02 -3.99353132e-02 -1.33482171e-02
 -1.93044506e-02  9.27277729e-02 -2.57800929e-02 -4.92357276e-02
  5.21709025e-02  8.54298323e-02  2.76612584e-02  5.78005463e-02
  4.79759909e-02 -1.55185163e-02 -7.27275461e-02  2.79761627e-02
 -5.36195971e-02 -4.28625345e-02 -2.25846265e-02  1.69548076e-02
 -2.18406208e-02 -3.88975032e-02 -1.24883510e-01  3.70587260e-02
 -6.12248778e-02  1.51603129e-02 -3.12933885e-02  7.38644833e-03
 -4.41083163e-02 -5.47191985e-02 -2.28671040e-02 -4.12791669e-02
 -1.25483558e-01  3.01611070e-02 -7.04372823e-02  2.89457683e-02
 -6.28387928e-02  9.04515106e-03  2.00829978e-04  7.46588632e-02
  7.65446713e-03  7.84518346e-02 -5.85252233e-02 -7.67796338e-02
 -5.64214997e-02 -5.29229902e-02 -3.03196944e-02 -5.51137179e-02
 -7.95849711e-02  1.22535378e-01  6.68342486e-02 -1.00696646e-01
  1.79385617e-02  4.46333066e-02  3.74262892e-02  7.05422983e-02
  1.00596696e-02  7.00463681e-03 -7.46816322e-02  8.32984075e-02
  3.12081426e-02  7.03791603e-02 -8.52934048e-02  6.42918497e-02
 -8.37854948e-03 -3.40712187e-03 -2.02847458e-02  4.11539748e-02
  1.73417777e-02  1.49479206e-03  4.03123610e-02 -2.64789151e-08
 -6.42863140e-02  6.16852846e-03  2.80366261e-02  3.43213230e-02
  2.73627844e-02  4.58097458e-03 -1.81510914e-02 -2.60651782e-02
  1.38687985e-02  3.41149345e-02 -1.38000771e-02  8.17051828e-02
 -3.54647487e-02  2.49092039e-02 -2.03650389e-02  2.22020932e-02
 -4.96994741e-02  1.02463476e-02 -3.96667719e-02 -3.80121693e-02
 -2.43903380e-02  3.81851122e-02 -4.53818925e-02  1.49844205e-02
 -4.09476683e-02  4.56476733e-02 -3.51074189e-02  4.33327667e-02
  7.46984035e-02 -1.15363523e-02  7.05844611e-02  5.41087845e-03
 -1.46523200e-03 -4.26901644e-03 -5.20619713e-02 -2.30957549e-02
 -5.44131696e-02  5.94339194e-03 -5.47636338e-02  7.84876794e-02
  3.78430076e-02 -7.74138942e-02  1.32857554e-03 -4.44912165e-02
  3.40218954e-02  7.90911261e-03  4.45294455e-02  1.54681867e-02
 -7.07930000e-03  5.18040769e-02 -5.69651015e-02 -3.45358066e-02
  8.15716013e-02  5.64146154e-02  2.12622005e-02 -1.53280869e-02
 -3.28406808e-03  5.34375347e-02  9.09132957e-02  7.60210901e-02
  6.07056096e-02  4.74217795e-02  2.23510601e-02 -5.26128523e-02]"
2,Urban Bomber Jacket,Matte black bomber with street style edge. Structured fit for energetic urban chic.,"['urban', 'edgy', 'chic']",Urban Bomber Jacket. Matte black bomber with street style edge. Structured fit for energetic urban chic. Vibes: urban edgy chic,"[ 1.81931071e-02  9.42423716e-02  6.52713627e-02  3.93149778e-02
  4.86606779e-03  3.55102532e-02  1.05987370e-01 -6.37714118e-02
 -5.12305014e-02  6.53840974e-02  4.85115536e-02 -9.55030397e-02
  2.17610002e-02 -3.33700888e-02  3.25623639e-02  4.34477217e-02
  6.00239038e-02 -2.94295643e-02 -4.90685925e-03  1.37054026e-02
 -9.24348682e-02  4.12158854e-02  4.20321599e-02  1.34727418e-01
 -2.09967662e-02  5.10561652e-02  3.69976424e-02  1.41808942e-01
 -5.08138873e-02 -1.12960353e-01  9.23752710e-02  1.05232544e-01
 -1.71977805e-03  6.27328530e-02  1.89608056e-02 -1.03414692e-02
  4.72689345e-02  1.36226742e-02 -5.52035868e-02  4.07343060e-02
 -5.64054660e-02 -3.65269296e-02 -7.94194862e-02  1.04464795e-02
  2.48793010e-02 -1.10642158e-03  1.08564980e-02  7.76561396e-03
  7.58968154e-03 -5.25979325e-02  9.69648175e-03 -3.76291052e-02
 -4.89258096e-02  3.61372717e-02  4.53016208e-03  5.11195809e-02
  2.11148933e-02  2.58802604e-02 -2.17989925e-02 -5.56106269e-02
 -5.24223596e-02  4.83565554e-02 -6.02029189e-02  5.11071049e-02
 -8.93612672e-03  5.00062145e-02 -8.52862000e-02  5.46999276e-03
  3.28885466e-02 -8.12793300e-02  5.75344153e-02 -2.79458128e-02
 -4.51028757e-02 -3.97480279e-03 -3.46288681e-02 -3.05275731e-02
  2.24350449e-02 -8.31842124e-02 -1.46655738e-02  5.31351892e-04
 -3.57358251e-03  5.16570592e-03 -3.13241072e-02 -5.89911081e-03
  1.84184941e-03 -1.82460882e-02 -9.74748731e-02  1.16805313e-02
 -3.81493941e-02  4.55089957e-02 -7.45220706e-02  3.03258076e-02
 -1.76188350e-02  1.00074988e-03  1.33613143e-02 -2.37322561e-02
 -1.04700234e-02 -1.24404453e-01 -1.65192466e-02  1.00685477e-01
  1.37494281e-02 -4.35601659e-02  3.40244956e-02  7.41136223e-02
  5.08543141e-02 -1.07221119e-01  1.08975582e-01  1.74585674e-02
 -3.69587215e-03 -9.79901329e-02 -2.60228999e-02 -2.10722238e-02
 -5.87768555e-02 -6.23243675e-02 -1.32413283e-02 -7.03064278e-02
 -1.04850428e-02  8.68523046e-02  1.06046937e-01 -6.35774508e-02
 -7.39919161e-03  4.33643274e-02 -7.89286867e-02  3.77932079e-02
 -6.79304451e-02 -3.71706970e-02  2.08229036e-03  2.72479719e-33
 -6.31646719e-04  3.70522551e-02  2.33881380e-02  9.76350754e-02
  1.66922193e-02 -9.85242426e-02 -2.03959327e-02 -8.17937776e-02
 -3.53935175e-02 -7.13448506e-04 -3.01220100e-02 -1.93245560e-02
 -2.55783442e-02  1.61907151e-01  8.66699219e-02  6.11096108e-03
 -3.35523374e-02  2.17147656e-02  4.07801457e-02  4.42166962e-02
 -1.16560034e-01  3.63998525e-02 -2.49147968e-04 -9.50435549e-02
  4.87308726e-02 -3.32456976e-02  4.81250845e-02 -1.51609126e-02
  9.47290193e-03  2.50009485e-02  6.60900900e-04  1.05095118e-01
  2.93779988e-02  3.27136256e-02 -4.32597660e-02  4.30136099e-02
 -6.26351312e-02 -3.29365395e-02 -9.53160692e-03  4.87424321e-02
  4.81738783e-02  2.24942025e-02 -4.20600101e-02  4.32340577e-02
  3.28888819e-02  8.44939277e-02  3.69284954e-03 -1.86352078e-02
  2.22083274e-02 -1.29549783e-02  6.52963072e-02  4.32526506e-03
 -1.30728353e-02  4.14024107e-03 -7.85540640e-02  1.40518195e-03
  2.82141659e-02  2.38426831e-02  3.09933238e-02 -8.01915955e-03
  4.72880155e-02  3.92920338e-02 -2.56704423e-03 -8.23133439e-02
  1.11200891e-01 -3.79357114e-02  2.85488162e-02 -2.22373987e-03
 -7.99520090e-02  2.51830034e-02 -2.19281949e-02  2.91782804e-02
  1.46801740e-01 -2.74950871e-03  5.49987070e-02 -4.47138175e-02
 -8.22164565e-02 -6.17009550e-02  6.40656520e-03  2.21757777e-02
  2.28160992e-02  3.76128852e-02 -4.38226424e-02 -4.16500755e-02
  7.31470156e-03 -2.40578894e-02  2.84484848e-02 -3.09777725e-03
 -1.19360816e-02 -3.00202835e-02 -3.72622572e-02 -6.79238066e-02
  4.43888977e-02  4.27163094e-02 -5.31389154e-02 -3.88042661e-33
  3.80108654e-02 -1.70605034e-02 -2.79117469e-03  5.83286025e-02
  3.95496227e-02  6.23523556e-02 -1.55550698e-02  5.59891947e-02
 -4.32285294e-03  2.13285480e-02  4.28539030e-02  1.19064527e-03
  2.76633762e-02 -4.39999700e-02  5.53564839e-02  5.41395955e-02
 -2.05359459e-02  1.12007326e-02 -2.00905614e-02 -6.75554899e-03
  4.57914919e-02 -3.62469554e-02 -6.28788322e-02 -5.95333688e-02
 -7.40840659e-02 -3.67781334e-02 -5.26190624e-02  7.71064237e-02
  1.29712056e-02 -2.10397858e-02  4.60317777e-03 -3.09339096e-03
  2.33058352e-02  2.87120827e-02  1.05799185e-02  1.37534738e-01
 -3.35405022e-02 -2.22009141e-02 -7.47939423e-02  5.38040744e-03
 -5.60853332e-02 -4.09471653e-02  1.21607874e-02  1.88177582e-02
  5.17050736e-02 -6.21826127e-02 -5.01217432e-02 -6.59431750e-03
 -4.08538133e-02 -3.64505164e-02  1.63980983e-02  2.68883538e-02
 -2.75530610e-02  5.02123311e-02  3.38067301e-02 -9.61148820e-04
 -3.90816405e-02  1.60024501e-02 -1.39434924e-02  9.17944778e-03
 -1.07435538e-02  2.91610579e-03 -2.49369275e-02 -1.98164098e-02
 -8.37642550e-02 -7.38471225e-02 -4.69833948e-02 -6.51458874e-02
 -9.59069505e-02  1.79721192e-02 -9.11048427e-03  2.35787239e-02
 -6.12140633e-02  1.73558705e-02 -2.51358952e-02 -7.16701150e-02
  7.53420219e-02  4.56451252e-02  3.27240501e-04  6.51264787e-02
  1.46193691e-02 -3.32894698e-02 -1.08232841e-01  8.96537974e-02
  4.60953750e-02  8.68284777e-02 -6.67786896e-02  1.81818306e-02
 -5.70620550e-03 -6.51403377e-03  5.02099730e-02  2.37323940e-02
 -6.88282847e-02  5.25849573e-02 -3.50684561e-02 -2.51747512e-08
  1.29952747e-02  2.17178408e-02 -5.34141324e-02 -1.61928963e-02
 -4.40753298e-03  4.94546182e-02  5.99513687e-02 -8.53881612e-02
  2.03317427e-03 -4.58840393e-02  7.85788707e-03  8.23655818e-03
  9.18484014e-03  7.88247511e-02 -1.27586588e-01 -7.37998448e-03
 -5.58882691e-02  2.12748889e-02  4.44331393e-02 -4.65792778e-04
  7.79795498e-02  3.66419777e-02  1.38791623e-02 -6.55270834e-03
 -4.50991020e-02 -3.70466895e-02 -4.11128178e-02 -8.09626747e-03
 -3.92682925e-02  1.01521730e-01 -5.64170480e-02  4.28989418e-02
 -4.09476869e-02 -5.87626398e-02  7.53593892e-02 -1.27568850e-02
  1.92967411e-02  9.00350045e-03  1.75381508e-02 -1.21609867e-02
  1.03362501e-02 -7.88032785e-02  3.26306038e-02 -3.22047435e-02
  3.86650339e-02  1.66849103e-02  6.94309324e-02 -5.56730889e-02
 -5.25652692e-02  2.45034806e-02  1.03217207e-01 -9.59619228e-03
 -3.62823829e-02  5.76853640e-02 -6.01830669e-02  1.97969023e-02
 -7.30307922e-02 -1.43024363e-02  1.71064530e-02 -1.62041504e-02
  3.19050364e-02 -6.98229969e-02 -1.67535484e-01  3.98622528e-02]"
3,Minimal White Tee,"Clean, crisp cotton tee — everyday minimalist staple.","['minimal', 'casual', 'clean']","Minimal White Tee. Clean, crisp cotton tee — everyday minimalist staple. Vibes: minimal casual clean","[ 2.16192771e-02  8.40996429e-02  3.99424322e-02  5.24044074e-02
  4.19729874e-02 -4.07165475e-02  1.85810402e-02  5.01255803e-02
 -4.38592248e-02  1.30803948e-02  2.16535572e-02 -6.29111251e-04
  3.02492026e-02  5.29888235e-02 -5.63760404e-04  2.27238722e-02
  2.97440290e-02  1.39184520e-02 -2.21717209e-02 -1.93780158e-02
 -4.41451669e-02  4.25406120e-04  4.30045687e-02  4.54111099e-02
  1.84634533e-02 -4.06037755e-02  3.84299108e-03  2.28040218e-02
 -1.69600639e-02 -6.48364425e-02  1.49443261e-02  4.67787236e-02
  1.10832073e-01 -5.39240381e-03 -2.59001851e-02 -4.88760360e-02
  1.19617067e-01 -3.67658548e-02 -2.13758205e-03  5.54783009e-02
  2.13379804e-02 -7.91781172e-02 -5.28467335e-02 -1.94953196e-02
 -7.58899003e-02  5.08875586e-02 -1.50691904e-03  6.32137209e-02
 -5.29819801e-02 -6.80284109e-03  6.03551008e-02 -4.48238216e-02
 -4.90103066e-02  2.41468586e-02  3.03600705e-03 -2.31392700e-02
 -8.25510267e-03 -1.53816980e-03  1.34893041e-02 -7.05875307e-02
 -4.48915958e-02 -2.97932476e-02 -1.12430818e-01  4.56455983e-02
  8.33937079e-02  4.05334160e-02 -3.67889702e-02  7.04380348e-02
 -4.99476399e-03  1.10037636e-03 -2.69936137e-02  2.99445596e-02
 -1.60565097e-02  9.48997736e-02  2.48229560e-02 -1.15698297e-02
  3.57182212e-02  2.60248352e-02 -7.94388354e-02  1.24493148e-02
 -7.18297511e-02 -2.23001838e-02 -1.45199979e-02  5.99055327e-02
 -7.78169632e-02  7.59227797e-02 -2.11645756e-02 -2.55056527e-02
 -2.68821302e-03 -5.91051765e-02 -6.10896051e-02  8.13039616e-02
  4.28642984e-03 -2.33808979e-02 -6.70710905e-03  3.82654145e-02
  7.95235112e-03  1.93448812e-02 -3.77493277e-02  6.98169395e-02
 -1.02131432e-02 -1.74862575e-02  8.34880322e-02 -3.70495804e-02
  2.02758051e-02 -6.22653961e-02 -9.33349412e-03  3.10786050e-02
  1.73201878e-02 -5.21925688e-02  1.01797543e-02 -5.08352406e-02
 -4.90063652e-02 -7.47759417e-02 -2.50932593e-02 -5.32685220e-02
  8.09689388e-02  3.53168882e-02  1.56179899e-02  4.39479128e-02
  4.78351070e-03  9.49355029e-03 -2.68855318e-02 -7.00159222e-02
 -1.18194036e-01  1.49392877e-02  7.19691068e-02  1.30944441e-33
 -2.72060800e-02  9.61248055e-02 -2.70803850e-02  8.12326465e-03
  5.31292744e-02  2.46502832e-02 -3.21912616e-02 -6.53427914e-02
  7.57243298e-03  6.52019382e-02  3.01192049e-02 -3.76062579e-02
 -9.59754065e-02  1.12505496e-01  6.93015233e-02 -1.09958230e-02
 -6.11825287e-02 -2.73411926e-02 -4.48698252e-02  3.14578637e-02
 -8.77763778e-02  8.67639035e-02  4.34161201e-02 -3.82005461e-02
 -1.74286719e-02 -7.19579756e-02  3.56040820e-02 -4.64390703e-02
 -3.89496386e-02 -1.64184645e-02  6.02800585e-02 -3.27870902e-03
  9.13693458e-02 -2.23550331e-02 -1.35760397e-01  2.86129117e-02
 -9.03795436e-02 -3.83372456e-02 -1.63950007e-02  7.11009279e-02
  1.78434309e-02  4.24164236e-02  4.85470966e-02  7.31994212e-02
 -1.69798285e-02  9.84169776e-04  6.03492223e-02  2.51420364e-02
  1.48603879e-02  1.69137735e-02  6.15900084e-02  4.31750864e-02
  5.28009385e-02 -1.31916674e-02 -3.31216641e-02 -8.16060528e-02
  4.95602489e-02 -1.19560562e-01 -4.41753268e-02 -1.71341114e-02
  4.68412787e-02  4.67415527e-02 -6.47296458e-02 -1.40487384e-02
 -1.13117741e-02 -1.46223120e-02 -2.54946551e-03  1.20321196e-02
  4.76643853e-02 -6.30554408e-02 -3.17959562e-02  3.54107656e-02
  2.92699598e-02  2.89812358e-03  7.14242235e-02  1.03270086e-02
  1.04603469e-01 -6.29119352e-02  7.47158453e-02 -3.76969688e-02
 -6.02701074e-03  2.52471231e-02 -7.82386959e-02  4.36520353e-02
 -2.85331178e-02  4.54765968e-02  2.19188887e-03 -4.39973511e-02
 -8.31563305e-03  3.25288735e-02 -3.52879427e-02  4.66164276e-02
  1.93150807e-02 -5.76577894e-03  1.22395884e-02 -1.42590110e-33
  1.25164405e-01  6.29189098e-03  1.80146229e-02  1.36876330e-01
  6.42258078e-02  3.59104946e-02  2.04372462e-02  8.84445012e-03
 -1.14070531e-02  4.82597873e-02  7.02313781e-02  8.07438605e-03
 -4.25906628e-02  1.88168362e-02  5.80463037e-02  1.04457729e-01
  2.68692318e-02  5.17866462e-02  3.58637981e-02 -6.93518147e-02
  7.19727874e-02  1.38110816e-02  1.18742082e-02 -1.97564289e-02
 -4.96798307e-02 -1.27166351e-02 -2.23381352e-02  2.70125233e-02
 -5.39401062e-02 -4.37289514e-02 -2.75544487e-02 -1.81106348e-02
  9.17329714e-02 -1.04025602e-02  2.91863680e-02  4.21460234e-02
 -9.16889519e-04  9.63128060e-02  2.33220924e-02 -4.44382755e-03
  1.97198857e-02 -3.13602313e-02  1.62074119e-02  1.48578305e-02
 -5.14483787e-02 -5.98822497e-02 -1.36691183e-01 -4.61725555e-02
 -1.41970694e-01  7.63261365e-03 -1.95580013e-02 -5.46312425e-03
 -4.22358029e-02  1.41018368e-02 -1.94031689e-02  3.47081460e-02
 -6.05252944e-03  2.74272338e-02 -6.08923994e-02  9.25107673e-02
 -5.01688384e-02  8.50446224e-02 -8.38209242e-02  1.99127179e-02
  6.91733286e-02 -5.05031925e-03 -2.19169594e-02 -1.48049444e-02
 -1.06506288e-01 -1.40235899e-02 -8.26711133e-02 -5.65272495e-02
  2.78398115e-03 -9.12195146e-02 -3.33702751e-02 -3.31177041e-02
 -3.87591799e-03 -1.22755403e-02 -8.26253816e-02  3.21839899e-02
 -5.67481294e-02 -1.03608985e-02 -5.23257069e-02 -7.64030870e-03
  9.47337449e-02  8.27437639e-02 -8.49935636e-02 -4.64247391e-02
  8.70554592e-04  8.33412111e-02  2.69627635e-04  1.05350658e-01
  4.15543765e-02  6.74106404e-02 -1.09791048e-02 -2.07363549e-08
 -6.64829016e-02  2.65056454e-02 -2.32221913e-02 -6.11602981e-03
  8.79104137e-02  2.02633590e-02 -2.77996119e-02 -3.49824838e-02
 -1.43373916e-02  1.12147098e-02 -2.76149157e-02 -4.03257087e-02
 -6.07118681e-02  5.05880564e-02  1.90344751e-02 -2.85246205e-02
 -5.74456006e-02 -1.63785722e-02 -8.26091841e-02 -5.64361885e-02
 -1.11259278e-02  4.66101021e-02 -1.95746892e-03  6.97434098e-02
 -4.41269465e-02 -8.39868262e-02  4.50530611e-02  1.15082197e-01
  1.09945918e-02  3.04624923e-02  3.61238234e-02  6.72516078e-02
 -1.00837417e-01 -3.45142074e-02 -5.66958636e-02  1.10430103e-02
  4.98761833e-02 -6.34843484e-02 -1.15159363e-01  4.42376062e-02
 -8.93833232e-04 -6.45669326e-02 -3.50025296e-02 -2.39575654e-02
  6.40614331e-02 -1.06755905e-01  2.72923969e-02 -1.35628022e-02
 -7.91748390e-02  6.14072271e-02  4.44739051e-02 -3.69911082e-02
 -1.02297822e-02  6.13087714e-02 -4.64811251e-02 -9.03634802e-02
  1.36985872e-02  5.83492480e-02  8.36254470e-03  2.04181448e-02
  6.23368360e-02 -8.23135301e-03  3.64068598e-02 -2.46919785e-03]"
4,Vintage Denim Jeans,"High-waisted, slightly worn look — retro festival and casual looks.","['retro', 'casual', 'vintage']","Vintage Denim Jeans. High-waisted, slightly worn look — retro festival and casual looks. Vibes: retro casual vintage","[-1.44406585e-02  7.06461743e-02  3.24267857e-02  6.82207406e-04
 -2.61015091e-02  1.49439275e-02  6.47548884e-02 -2.96704248e-02
 -6.51900247e-02  2.13658325e-02  1.80844329e-02  2.97469646e-02
  6.11014329e-02 -8.85377601e-02  4.93776910e-02  4.24244851e-02
  1.10394850e-01 -2.02053934e-02  3.28731462e-02  3.21096405e-02
 -6.40336648e-02 -3.36009450e-02 -2.79733259e-02  5.54076470e-02
 -6.17309660e-03  4.11758199e-04 -6.83783665e-02  7.83641487e-02
 -2.78138984e-02 -1.08054315e-03 -4.37961146e-02  1.72434121e-01
 -3.36478353e-02  6.00667000e-02 -1.03890449e-02 -6.82235658e-02
  2.86852792e-02  6.25691982e-03 -6.93056509e-02  4.20236290e-02
 -3.66707258e-02 -5.78867532e-02 -3.71564589e-02  2.98277885e-02
 -1.06394095e-02 -1.48927588e-02  7.23731518e-02  3.78612545e-03
 -1.20815048e-02  2.12411601e-02  5.90167791e-02 -1.31991506e-02
  2.58266903e-03 -5.13788732e-03 -3.56702693e-02  2.62463875e-02
 -3.40399072e-02  8.22177250e-03  5.74404821e-02 -6.65545091e-02
 -7.93724284e-02  2.80972123e-02 -8.94607306e-02  1.53679298e-02
 -4.92509417e-02 -2.44658496e-02  4.45085345e-03  3.92529629e-02
  2.70643272e-02 -3.27968188e-02  2.63569853e-03 -4.57928330e-03
 -9.06998068e-02 -1.39785567e-02 -5.91993406e-02 -6.99568838e-02
  2.33641509e-02 -3.92063819e-02 -9.65707302e-02 -6.60479814e-02
 -7.28720287e-03 -7.21626282e-02  3.77263390e-02  7.35226870e-02
 -6.14594258e-02 -3.25944051e-02 -4.24045138e-02 -2.10547857e-02
 -3.90486000e-03 -8.02226888e-04 -1.07521154e-01 -1.17487572e-02
 -5.68648539e-02 -3.70929912e-02 -3.74745601e-03  3.97082716e-02
  1.57821812e-02  4.70761188e-05  7.96438679e-02  8.99915919e-02
  3.17457169e-02  5.10960370e-02  8.44123065e-02  4.34962846e-02
 -1.75908394e-02 -7.58719444e-02  2.53565516e-02  1.17578834e-01
  5.94425611e-02 -8.85043107e-03 -3.99956591e-02 -3.69629674e-02
 -8.47305730e-03 -4.87071350e-02 -2.97301598e-02 -5.79337850e-02
  2.13603508e-02  3.06847394e-02  2.15142071e-02 -4.49325703e-02
  4.93854342e-04  2.72480529e-02 -2.16892436e-02 -2.47892011e-02
 -8.44119415e-02  5.81757948e-02  4.79790680e-02 -6.51433072e-34
  3.91278602e-02 -4.23833448e-03 -2.83425581e-02  4.99568880e-02
  3.01000364e-02  1.99783910e-02 -6.68837689e-03 -3.47796045e-02
 -1.03443936e-01  2.74912883e-02  6.81768432e-02 -3.98305282e-02
 -4.22063954e-02  4.16495167e-02  5.67852147e-02 -6.55487087e-03
 -3.99206318e-02 -7.69749433e-02  6.01964407e-02 -5.51453568e-02
 -1.33341685e-01  8.94593075e-02  3.38074416e-02 -5.22031561e-02
 -8.98302160e-03 -5.73853254e-02  1.12765335e-01  2.57847123e-02
 -2.28014472e-03  1.59961395e-02  9.61395353e-02  7.18106190e-03
  6.58623725e-02 -4.82945107e-02 -2.66106725e-02  6.08363301e-02
 -5.94806718e-03 -5.21775670e-02  2.47206986e-02 -2.45620888e-02
  3.18588093e-02  1.21517514e-03 -3.53296883e-02  5.64256534e-02
 -8.05185884e-02  7.33430460e-02  5.20049892e-02  3.05625778e-02
  2.41639242e-02  4.81625497e-02  2.66441144e-02  7.81768933e-03
 -5.64094409e-02 -3.87331136e-02 -9.62072089e-02  1.65846534e-02
  7.65557517e-04  6.58409251e-03 -4.15275991e-02 -1.83960255e-02
  8.89953077e-02  3.48123871e-02 -1.33059500e-02 -3.26033086e-02
  3.36954258e-02 -5.98973548e-03  4.70846221e-02 -2.60673184e-02
 -4.23804391e-03  5.06152138e-02 -3.98973748e-02 -2.47609746e-02
  7.10791573e-02  1.80238504e-02  7.77025074e-02  3.21297422e-02
 -5.03106080e-02 -3.98507975e-02  1.00868560e-01 -3.59532088e-02
 -1.44475857e-02 -3.93842570e-02 -1.73443966e-02  6.55655563e-02
  3.03088576e-02  2.45322194e-02 -6.95359602e-04 -5.30971922e-02
 -2.58319769e-02  3.67798172e-02 -3.47369500e-02 -3.21041048e-02
  2.84888279e-02  4.09294851e-02 -4.77821417e-02 -2.32913681e-33
  4.51728068e-02  6.46653399e-02 -2.66209915e-02  9.05609131e-02
  8.55421722e-02  2.07631458e-02 -9.96529236e-02  5.05992994e-02
 -5.28144799e-02  5.73916622e-02  8.75008479e-02  3.74101521e-03
 -5.54682612e-02 -6.85676979e-03  7.07516400e-03  1.19420122e-02
  3.31354663e-02 -8.95073824e-03 -4.82471399e-02  5.14552668e-02
 -6.60593202e-03 -1.35829281e-02  4.73595671e-02 -2.57681478e-02
 -1.08502917e-01  2.32085660e-02 -1.79333482e-02  4.23401594e-02
 -9.83682275e-02  2.86667161e-02 -2.71701459e-02  8.59034946e-04
  1.00529745e-01 -2.28920132e-02 -2.79793832e-02  6.45670891e-02
 -8.68745986e-03 -3.99355479e-02  6.96701463e-03 -5.97086884e-02
 -7.08464906e-02 -4.07881588e-02  4.13308702e-02  1.96054261e-02
  5.02806008e-02 -6.46892861e-02 -1.67601049e-01 -3.42584513e-02
 -1.99432056e-02 -3.38563994e-02 -7.42477402e-02  4.25021723e-02
 -8.32637120e-03  5.00635840e-02 -2.12307423e-02 -5.21469489e-02
 -9.64047313e-02  2.34132838e-02 -4.35383394e-02  5.02878614e-02
  3.80680850e-03  2.80969031e-02 -2.26660185e-02 -1.98669452e-02
  3.78978774e-02  5.53335659e-02 -3.41050215e-02 -4.49954793e-02
 -1.22676887e-01  2.85713952e-02  2.02820431e-02 -4.19465527e-02
 -9.28451568e-02  2.14648321e-02 -1.82831027e-02 -1.33887365e-01
  4.02775370e-02  5.16029671e-02  1.07195843e-02  2.12483183e-02
  1.62552558e-02  2.43650209e-02 -4.41207252e-02  8.55105370e-02
 -3.28052789e-02  1.00634359e-01 -9.20899957e-02  5.78766838e-02
  1.45780062e-03  6.41069934e-03  5.03950156e-02  2.33314037e-02
 -7.23990276e-02 -1.25737730e-02 -4.25333865e-02 -2.64497899e-08
 -2.86288280e-02  1.52234398e-02 -5.89552149e-02  2.70331018e-02
 -2.11285334e-02 -1.07045798e-03 -2.33163405e-02  4.60164063e-03
  3.09480890e-03 -2.81488942e-03 -3.86486272e-03 -2.77883355e-02
  5.08380029e-03  5.79997152e-02 -8.74737576e-02  1.90334134e-02
 -8.72628018e-02  1.44517841e-03 -6.42239824e-02  2.24891547e-02
  4.56552356e-02  4.41679079e-03  7.85053819e-02  7.29077905e-02
  1.17143011e-02 -4.96601127e-02 -3.40580940e-03 -9.02458467e-03
  5.19354455e-02  3.30202878e-02 -4.92533110e-02  5.38298227e-02
 -6.39239103e-02 -7.17650503e-02 -9.68222916e-02 -1.23559646e-02
  4.18030098e-02 -4.77548242e-02  5.12447096e-02  4.90536494e-03
 -1.35220075e-02 -1.22340120e-01  1.49097051e-02  2.76095159e-02
  1.18048973e-01 -6.53132191e-03  7.07836822e-02  2.89012287e-02
 -8.01279396e-02  6.15363233e-02  3.79201546e-02 -1.89254817e-03
  3.94273624e-02  6.70089722e-02 -2.53317785e-02 -7.67294243e-02
 -5.01809567e-02  9.94430110e-02  3.69471125e-02  1.76745206e-02
  9.16609317e-02 -4.09101769e-02 -8.07296634e-02 -2.80825254e-02]"
5,Silk Slip Dress,"Satin finish, elegant evening wear, soft glow and refined silhouette.","['elegant', 'evening', 'glam']","Silk Slip Dress. Satin finish, elegant evening wear, soft glow and refined silhouette. Vibes: elegant evening glam","[-7.21655786e-02 -3.23792063e-02  9.54544470e-02  4.88189310e-02
 -1.83118228e-02 -1.44047262e-02  1.08760834e-01 -7.84148648e-02
 -3.00293919e-02 -2.71352306e-02  6.12097345e-02 -6.11825520e-03
 -2.10876204e-02 -8.81137401e-02  2.87659615e-02  5.22724800e-02
  1.11896716e-01 -4.79458869e-02  4.10824306e-02  6.36932477e-02
 -2.41861846e-02 -6.13105185e-02  3.58548984e-02  8.62411931e-02
 -3.31967101e-02 -8.41807108e-03  1.84974130e-02  4.00631949e-02
 -9.84822307e-03 -1.00745454e-01 -2.59170402e-02  6.93167225e-02
  2.42385864e-02  1.21541642e-01 -3.41788940e-02 -2.99536856e-04
  1.40999202e-02 -3.69403511e-02  3.28293513e-03  1.17057540e-01
 -5.23126610e-02 -2.58025154e-02 -3.22774202e-02  5.30081503e-02
  3.28909680e-02  1.60599016e-02  1.15092136e-01  3.74255776e-02
 -1.13588877e-01  9.27708969e-02 -1.12606874e-02 -1.42422887e-02
 -4.83989306e-02 -4.57712635e-03 -1.04648219e-02  5.60450144e-02
 -3.24428938e-02 -5.31920381e-02  4.84232716e-02 -2.65061054e-02
  1.53291728e-02  1.24520488e-01  2.43577771e-02  3.65112163e-02
 -1.43633690e-03 -2.79109385e-02 -4.41370420e-02  5.00873141e-02
  3.27632837e-02 -5.60602695e-02  5.69725502e-03  4.71180014e-04
 -2.89124437e-02  6.20127469e-02 -1.20268315e-01 -5.94030395e-02
  3.41884717e-02 -7.02020973e-02 -4.87954058e-02  1.02464156e-02
 -2.31273975e-02 -2.30495408e-02  6.23267367e-02  3.95956188e-02
 -3.93544398e-02 -3.79763693e-02 -2.85897367e-02  3.27857658e-02
  1.06034195e-02 -4.27405871e-02 -3.68357860e-02 -2.15599891e-02
 -9.84227136e-02 -6.17114194e-02  5.95732667e-02  4.26133126e-02
  4.61938232e-03 -3.77646275e-02  3.08953561e-02  3.39770317e-02
  5.46597689e-02  8.54791515e-03 -1.01087531e-02  3.86115760e-02
 -9.43229571e-02 -6.59136102e-02  2.57547498e-02  2.94234138e-02
 -1.83500051e-02 -1.19934566e-02 -2.96160821e-02  5.72136417e-03
 -1.87524632e-02 -6.03253096e-02 -1.45662790e-02 -8.12480878e-03
 -8.30055773e-03  1.11240357e-01  5.61850406e-02  9.11909118e-02
  2.74453331e-02  5.51387444e-02  2.19952390e-02 -6.18770383e-02
 -1.01947017e-01 -3.25541897e-03  2.98065301e-02  2.49219037e-33
  3.15523818e-02  1.71572175e-02 -1.14933336e-02  1.88412145e-02
 -9.27232020e-03 -6.82158768e-02 -1.48257948e-02 -1.21514261e-01
 -9.90586281e-02  5.35613000e-02  9.05414969e-02 -1.95419807e-02
 -5.05167693e-02  1.07027628e-01 -1.94821868e-03  4.88831382e-03
  7.94997811e-02  8.45929608e-03  8.48453492e-02 -4.92434502e-02
 -2.75745522e-02  5.10217920e-02  1.31679829e-02 -4.10666242e-02
 -4.76047806e-02  8.69982596e-03  2.21319553e-02  6.23821318e-02
 -4.39490601e-02  6.84387842e-03  9.59593505e-02 -3.85368764e-02
  7.39102960e-02  5.02772853e-02 -1.37548000e-02  4.03137058e-02
 -2.44934727e-02 -1.02939747e-01  9.43419188e-02 -5.66965807e-03
 -5.31273661e-03 -4.07058150e-02  1.74649712e-02  6.46157637e-02
 -4.19562608e-02  6.31636828e-02  2.18159631e-02  9.64836106e-02
  5.04366755e-02  3.67610492e-02 -2.70258263e-02 -8.08290672e-04
 -2.79051028e-02 -2.43384410e-02 -4.03599218e-02 -3.70013900e-02
 -3.75918597e-02  2.47601643e-02  1.08300699e-02 -3.39925624e-02
  2.57876776e-02 -1.07201505e-02 -5.21764681e-02 -1.72810718e-01
  4.18808833e-02 -3.34269628e-02  7.81029789e-03  8.03304464e-03
 -5.73218055e-03  1.27018262e-02 -5.89075312e-02  3.81253101e-02
  9.25234631e-02  7.50863105e-02  4.69071493e-02  1.78851932e-03
  1.23752728e-02 -6.22715466e-02  6.07164241e-02 -1.26174698e-03
 -1.35921910e-01  4.45633195e-02 -3.12190852e-03  2.00304966e-02
  1.08140446e-02 -6.49672747e-03 -1.86024997e-02  5.47758900e-02
 -4.38482314e-02  1.93770714e-02  2.32833950e-03 -3.16943377e-02
  5.98569252e-02 -4.32800278e-02 -5.83168231e-02 -3.10862787e-33
  7.36584440e-02  5.41534089e-02 -7.07308203e-02  9.19119716e-02
  1.02618866e-01  8.70220643e-03 -6.67505488e-02 -2.06119008e-02
 -3.91855352e-02  9.25338492e-02  1.70832220e-02 -3.27041112e-02
 -7.53482878e-02 -4.34090532e-02  6.46492541e-02  9.75847989e-03
  6.64936677e-02  1.46251181e-02  2.80488804e-02  4.30298932e-02
  9.29160789e-03 -5.82869351e-03 -6.66742846e-02 -3.51436436e-02
 -9.56932828e-02  6.60693124e-02  1.02386167e-02 -5.01731527e-04
 -8.21541101e-02  1.68201048e-02  2.20304765e-02 -2.19947528e-02
  1.74915250e-02 -2.48054620e-02  2.61771977e-02  4.64425348e-02
 -1.23935714e-02 -3.35158445e-02 -5.95584363e-02  4.85774204e-02
  4.33747564e-03 -3.95578146e-02  8.86421129e-02  2.66533718e-02
  1.32766701e-02 -5.21623269e-02 -1.53936803e-01  4.50311378e-02
  1.61936935e-02 -7.32718259e-02 -2.41319872e-02  4.65167426e-02
  1.56896263e-02 -4.72987033e-02 -1.84063427e-02  1.17608709e-02
 -8.08084682e-02  3.34748663e-02 -5.70715871e-03  5.54330014e-02
 -1.05115492e-02  1.49065917e-02 -4.83709052e-02  6.65046973e-03
  2.29782332e-02 -7.95690343e-03 -3.67288068e-02 -8.86219889e-02
 -1.34982690e-01  1.52741149e-02  6.58885464e-02  1.83208496e-03
 -2.95383967e-02  7.55130649e-02  4.97747771e-02 -6.54169545e-02
  2.30591521e-02  2.20546126e-02  3.71623524e-02  3.98302786e-02
  5.64274862e-02 -6.72754645e-02 -9.37578175e-03  5.39936833e-02
 -2.04572994e-02  4.33391780e-02 -1.13950521e-01  1.90027729e-02
  4.49476279e-02 -8.23767632e-02 -5.89248985e-02  9.91754420e-03
 -4.46203686e-02 -2.04000399e-02  2.01541577e-02 -2.69873297e-08
 -1.12181222e-02 -3.47782522e-02  9.43147112e-03 -4.27194797e-02
  4.94117243e-03 -1.35914115e-02 -1.46513022e-02 -3.87483761e-02
 -3.47717828e-03 -2.17762608e-02  2.53620930e-02 -4.87114163e-03
  1.24890013e-02  1.46380598e-02 -2.01217066e-02 -3.89830060e-02
 -3.56774293e-02  7.10898936e-02  8.23542592e-04 -8.97520557e-02
  8.68006796e-02 -9.82278679e-03 -4.19074716e-03  1.23460457e-04
  2.39132904e-02  3.70316580e-03  1.62918977e-02  5.59248626e-02
 -3.90666574e-02  4.07083519e-02  6.01257980e-02  1.10481884e-02
  2.35795323e-02 -1.98812187e-02 -9.89133641e-02  3.98769043e-02
  2.39484999e-02 -6.73620403e-02  7.56382151e-03  6.92400485e-02
  2.59774551e-02 -5.43616973e-02  3.37258466e-02 -1.75952669e-02
 -8.97766277e-03 -7.30590001e-02  2.09005587e-02 -7.82931298e-02
 -5.52799217e-02  4.51287255e-02  5.91934985e-03 -7.95048624e-02
  1.69052184e-02  9.00108814e-02 -1.20501192e-02 -5.75999767e-02
 -3.23249660e-02  4.94208001e-02 -4.61703353e-02  7.03869807e-03
  2.07282379e-02 -5.39517961e-02 -2.63451841e-02 -3.94622013e-02]"
6,Athleisure Leggings,"Stretchy, breathable leggings for active city life and gym routines.","['sporty', 'active', 'urban']","Athleisure Leggings. Stretchy, breathable leggings for active city life and gym routines. Vibes: sporty active urban","[ 6.53460668e-03  2.61856262e-02  3.33598489e-03  7.73108527e-02
  1.96517110e-02  1.00058569e-02  6.27214685e-02 -5.07158507e-03
 -7.03389570e-02  3.24764773e-02  8.62938818e-03  9.26130265e-03
 -4.83057415e-03 -7.68231042e-03  7.11350888e-02  3.13835852e-02
  5.28887585e-02  4.73529287e-02 -3.62720154e-02  4.31260392e-02
 -5.62833296e-03 -3.79960351e-02  2.47623143e-03  9.81962457e-02
 -5.17415535e-03 -1.59796868e-02 -2.34657042e-02  1.29821841e-02
 -5.89451380e-02 -1.49580352e-02 -4.35880385e-02  7.95319229e-02
 -1.23465303e-02  2.51476616e-02  8.54679942e-02  1.93856154e-02
  1.44084571e-02  3.76314558e-02 -5.88844754e-02  7.37087727e-02
  2.82844324e-02 -1.11027494e-01  1.17576485e-02 -2.26529781e-02
 -8.10177810e-03  3.51608694e-02  9.04668868e-03  3.63281332e-02
 -3.24529186e-02  2.72281971e-02  7.48252347e-02 -7.29705244e-02
  9.09910798e-02 -5.10773323e-02 -3.91677134e-02  2.22460460e-02
 -9.66896191e-02  4.35144603e-02 -2.32942216e-02  5.39007457e-03
  1.04587972e-01  1.49567919e-02 -8.37628990e-02  9.42241177e-02
 -1.40791655e-01  3.05372123e-02 -2.10786127e-02  3.94947827e-02
  2.45113317e-02 -2.58368626e-02  1.65179763e-02 -6.25001267e-02
 -5.66585623e-02  5.76182790e-02  6.39444813e-02 -2.26668790e-02
  1.64877772e-02 -3.38377357e-02 -1.17847766e-03 -5.88033348e-02
 -3.28578800e-02 -8.23738351e-02 -1.98343326e-03 -7.26434635e-03
 -1.44848172e-02  1.99161507e-02 -4.43493836e-02 -4.27586660e-02
 -4.15510125e-03 -3.20512382e-03 -8.66885260e-02  4.54947017e-02
 -3.50555182e-02 -5.12401983e-02 -7.45977163e-02  4.48320396e-02
  5.10943308e-03  7.80502427e-03 -8.52156710e-03  3.32984477e-02
 -1.93971340e-02  1.00362096e-02  1.28248498e-01  7.42369965e-02
 -2.07108594e-02 -1.67178705e-01 -6.61539063e-02 -4.81461547e-02
  6.14631511e-02  7.92623162e-02  2.51051690e-03 -5.40338047e-02
 -6.62625767e-03 -4.52009588e-02  3.79514247e-02  2.46844683e-02
 -4.01440412e-02  2.32972428e-02  3.80414203e-02 -4.94644120e-02
 -2.49894839e-02  3.33550782e-03 -3.22811082e-02  1.48815894e-02
 -1.00961816e-03 -6.85136989e-02 -3.81404087e-02  1.34506070e-33
 -3.38257328e-02 -8.45060218e-03  4.80517447e-02  2.62269080e-02
 -6.70905923e-03 -2.64611710e-02  1.71007570e-02 -8.78754854e-02
 -3.55268866e-02  7.66578838e-02  1.94770482e-03  6.25427887e-02
  6.69585839e-02  4.79326695e-02  7.79467970e-02 -5.63284941e-03
 -4.98802699e-02 -2.49794312e-02 -1.97992567e-02  3.68147083e-02
 -3.35518792e-02  2.30079871e-02  2.18484793e-02  4.71701175e-02
 -6.81760982e-02 -8.27216506e-02  2.45773271e-02 -7.11238086e-02
 -1.51959565e-02  2.51834821e-02  3.82313319e-03  6.13167435e-02
 -2.64381729e-02 -7.24149942e-02 -3.89264114e-02  4.30127047e-02
  1.87653434e-02 -1.19055519e-02  2.25404222e-02  9.75017902e-03
 -1.83364414e-02  6.04532845e-03  3.02474629e-02 -1.57934707e-02
  4.20513116e-02  1.17427722e-01  4.15745899e-02  5.22835590e-02
 -2.12685596e-02 -6.82303682e-02  4.43353467e-02  3.08807604e-02
 -3.29618864e-02  2.80144792e-02 -3.97182703e-02 -1.83268785e-02
 -3.10918614e-02 -4.84983809e-03 -5.37826307e-02  6.62792698e-02
  3.97403128e-02  5.24446554e-02 -1.12746572e-02 -5.14975712e-02
 -8.88084471e-02 -2.80232895e-02  7.14743659e-02  3.41888517e-02
  1.78177822e-02  4.16330583e-02  4.24674451e-02  4.91308272e-02
  4.50227857e-02  5.13036251e-02  5.24429344e-02 -1.82519481e-03
 -3.11548673e-02  6.13069981e-02  2.74108946e-02  3.89137678e-02
 -7.48249004e-03 -5.37989382e-03 -5.73603325e-02  1.03520013e-01
  1.06615297e-01 -5.74572645e-02  3.63507355e-03 -6.85019419e-02
  1.46760116e-03  2.08379701e-02 -8.59697312e-02 -4.17290926e-02
  1.17737250e-02  5.70595860e-02 -4.99333180e-02 -2.99966708e-33
  8.72460827e-02 -9.04877763e-03  1.26687586e-02  1.11261360e-01
  8.17280933e-02  6.28084615e-02 -2.56995745e-02  3.51743884e-02
 -3.10522318e-02 -8.52037966e-03  1.78461634e-02 -2.31908243e-02
 -2.76121050e-02 -2.39850525e-02  4.78342697e-02 -3.06271412e-03
 -1.68335100e-04  1.35723157e-02 -2.85983179e-02  8.02246556e-02
  5.64029366e-02 -6.19940981e-02 -5.50905466e-02 -4.31333296e-02
 -9.76142734e-02  1.41169848e-02 -1.13510497e-01 -1.70870256e-02
 -7.48755708e-02  1.22688659e-01 -3.54967788e-02  6.07184023e-02
 -2.76377238e-02 -4.56844084e-02 -2.20522340e-02  5.17162532e-02
  3.34500190e-04  3.64866666e-02  1.20561058e-02 -3.19315903e-02
 -1.32247817e-03 -9.02244225e-02  9.30150412e-03  3.80899310e-02
  4.50091660e-02 -9.31305287e-04 -1.80093974e-01 -2.44498085e-02
 -1.41126573e-01 -7.41218030e-02  7.15384306e-03 -2.09671725e-02
 -3.65702473e-02  2.66381726e-02 -7.03807697e-02  5.11193573e-02
 -5.92009202e-02  2.92935539e-02 -1.12642735e-01  1.81182381e-02
 -5.99938482e-02  4.42323722e-02 -6.05154075e-02  6.50073886e-02
 -3.08691077e-02  2.91123986e-02  1.61143988e-02 -9.65435058e-02
 -1.10251077e-01 -1.23302927e-02 -3.63334902e-02  2.26118118e-02
 -6.24824241e-02  6.98691756e-02 -6.88763857e-02 -9.52939987e-02
  8.92325714e-02 -1.77044698e-04  3.82332057e-02  6.68174177e-02
 -3.19979968e-04 -3.84011567e-02 -3.59102003e-02 -1.56300589e-02
  7.31040388e-02  1.22562766e-01 -4.82027594e-04  5.89578934e-02
  1.96975339e-02  1.25275534e-02  3.20719406e-02  9.57949385e-02
 -1.09159268e-01  5.86960316e-02  1.98763404e-02 -2.65323976e-08
 -2.93826908e-02  8.42877328e-02 -3.37387063e-03 -8.22050776e-03
 -3.45261302e-03  3.27668414e-02  2.34518033e-02 -6.85049512e-04
  7.39817321e-03 -5.87563068e-02  2.47652512e-02  2.35292185e-02
  4.00216877e-02  7.20600337e-02 -9.45759192e-03 -3.55323628e-02
 -6.86528813e-03  2.15378534e-02 -5.66038825e-02  2.76166033e-02
  1.01156642e-04 -2.08033416e-02 -6.79252157e-03 -2.18612347e-02
 -1.49629870e-02 -1.05020463e-01 -6.59012571e-02 -2.31564883e-02
  2.26205084e-02  2.24676337e-02  2.71315426e-02  1.92713924e-02
 -5.10101253e-03 -2.18454171e-02  4.37408611e-02 -1.26829417e-02
  2.95509566e-02 -1.13612682e-01 -3.16029903e-03 -6.75144722e-04
 -7.59068653e-02 -5.05018532e-02  2.02911347e-02  3.34967524e-02
  9.14590899e-03 -9.66983959e-02  4.71098274e-02 -1.10009201e-02
 -2.41080523e-02  4.73979302e-02 -5.02753370e-02 -2.97433548e-02
 -1.51322479e-03 -6.32133509e-04  6.16295682e-03 -2.40059048e-02
 -6.27382845e-02  6.63863271e-02 -6.02648221e-02  4.46663350e-02
  1.88365616e-02 -8.89500380e-02 -7.11007416e-02  7.51965642e-02]"
7,Cozy Knit Cardigan,"Chunky knit, warm and soft — perfect for cozy evenings and layered looks.","['cozy', 'warm', 'homey']","Cozy Knit Cardigan. Chunky knit, warm and soft — perfect for cozy evenings and layered looks. Vibes: cozy warm homey","[-2.47307681e-02 -1.87028125e-02  1.82015821e-02  4.40718718e-02
  9.67756193e-03 -4.86799236e-03  3.30002345e-02 -4.25735489e-02
 -1.66144334e-02  7.12706596e-02 -7.13949203e-02  4.48829755e-02
 -4.78610815e-03  2.57369336e-02  7.02247173e-02  4.02427502e-02
  6.90963771e-03 -3.81610654e-02  4.57459874e-02  1.24520071e-01
 -6.37578294e-02  7.32477615e-03  9.75355972e-03  5.63473292e-02
  5.69753051e-02 -4.95234169e-02  7.32274819e-03  6.07592613e-03
 -2.33956594e-02  2.33790167e-02 -8.86082556e-03  8.23271275e-02
  4.70278859e-02  6.80998117e-02  1.24634411e-02 -7.11352052e-03
  1.56285726e-02 -5.37689403e-03 -4.90567945e-02  6.67488798e-02
  6.96590124e-03  6.01195246e-02  2.15987358e-02 -8.45795032e-03
 -2.71048024e-02 -1.12835340e-01  4.53470312e-02  3.61408964e-02
 -8.21105838e-02  6.60412759e-02 -8.51412416e-02 -2.36392692e-02
 -3.86256687e-02 -1.73350051e-02 -9.70557390e-04  6.94400966e-02
 -2.58238856e-02 -8.75315517e-02 -4.36194474e-03 -1.54934153e-02
 -1.39201258e-03  3.84857133e-02 -6.19934462e-02  3.83653007e-02
  1.32582011e-03 -2.38668621e-02 -7.95528106e-03  1.37333453e-01
  3.68680060e-02 -2.63376124e-02  3.82751077e-02  4.56203222e-02
 -5.62467054e-03 -1.44985262e-02 -2.97322311e-02 -3.62926312e-02
  9.13054943e-02 -4.33774069e-02  7.62704909e-02  6.49398193e-02
 -1.08312324e-01  2.06848094e-03  6.61404282e-02 -3.93084958e-02
 -5.45676500e-02  1.65410470e-02  2.48879101e-02 -1.24365659e-02
 -5.20384833e-02 -4.13523279e-02 -7.88676261e-04  7.38831758e-02
  2.90376879e-02  1.95689369e-02 -4.70096618e-02  2.48551723e-02
  1.22679882e-01  2.70467135e-03 -9.99367051e-03  1.22102164e-02
  6.09515831e-02 -3.00080255e-02  6.17128387e-02 -2.72071194e-02
  4.26678956e-02 -3.14117558e-02  3.45756561e-02  1.98672283e-02
  4.94846851e-02 -1.46984635e-02  1.20859444e-02 -1.01004042e-01
 -9.72405225e-02 -5.70107624e-02 -3.15480381e-02 -4.40232418e-02
 -5.66713186e-03  7.05941841e-02  3.91517617e-02  1.25754699e-01
 -2.69115437e-02  1.18406741e-02 -6.59249956e-03 -1.02564991e-01
 -4.00215462e-02  9.03817173e-03  5.00577241e-02  2.70309903e-33
  2.51135472e-02  5.47797084e-02 -3.99403609e-02  3.64028253e-02
  2.80823912e-02 -6.19953871e-03 -7.08110183e-02 -5.88049330e-02
 -9.98125002e-02  8.84229168e-02  2.93709673e-02  6.10629655e-02
 -4.97015268e-02  8.30043107e-02  1.12159364e-02 -3.77992094e-02
 -1.14470258e-01 -2.44562067e-02  2.94426735e-03  9.55153704e-02
 -2.24852953e-02  4.65597622e-02  4.94417213e-02  6.70243278e-02
 -1.07882425e-01 -1.09749235e-01  2.67900294e-03 -2.12694071e-02
 -5.30919284e-02  1.33118369e-02  5.45200817e-02 -8.59909784e-03
  2.41811518e-02 -2.31495374e-04 -7.62785375e-02 -6.63573146e-02
 -7.80282244e-02  6.63106609e-03  4.13910411e-02  1.04061671e-01
  7.11182132e-02 -3.41586359e-02 -2.25062408e-02  7.07323253e-02
  3.94296683e-02 -4.09035310e-02  5.59465550e-02  4.53083366e-02
 -5.80690838e-02  3.85983996e-02 -7.88944890e-04  2.01304499e-02
  4.65802625e-02  2.24999879e-02 -8.71477947e-02 -6.29322007e-02
  4.84353825e-02  4.81040813e-02  4.16656621e-02 -1.63816512e-02
 -6.00551488e-03 -6.51297867e-02  1.00826263e-01 -1.86868608e-01
 -2.26314906e-02 -3.76562513e-02 -1.03507908e-02 -7.01768498e-04
 -3.57256755e-02 -8.84034857e-03  6.52461872e-02 -5.82218450e-03
  6.60588592e-02 -2.89674522e-03  4.00884822e-02 -3.61362589e-03
  3.81408259e-02 -3.21350014e-03 -1.27553390e-02  4.76300903e-03
 -8.31281021e-02  3.16416249e-02 -1.22855261e-01  6.85330555e-02
 -4.69008386e-02 -1.35326320e-02 -6.31730480e-04  8.07949156e-03
 -6.09651655e-02  6.79219738e-02  1.22622820e-02  2.71567563e-03
  8.19774047e-02 -9.71335694e-02  3.93600315e-02 -3.04903968e-33
  1.69681199e-02  1.02644879e-03 -8.43842775e-02  1.25379562e-02
  3.64394411e-02 -4.12641205e-02 -6.67480528e-02  1.73133705e-02
  1.73363555e-02  4.51208726e-02  4.72989306e-03 -5.03567755e-02
 -2.84202229e-02  6.52258983e-03 -2.05626208e-02  2.65206341e-02
  5.33930287e-02  5.78033142e-02  2.33655386e-02  2.51895492e-03
  7.66378343e-02 -3.25347222e-02 -5.84700257e-02  8.32797587e-02
  1.86176063e-03  4.04642820e-02  3.02101523e-02 -6.15193807e-02
 -3.99136283e-02 -2.04611924e-02  3.16688456e-02 -3.54103036e-02
  7.28479913e-03  6.28225505e-02  9.89666395e-03  8.73342231e-02
 -4.95746583e-02  2.05959342e-02 -1.78957488e-02  3.92178595e-02
 -3.31803188e-02 -6.12485185e-02  3.51539627e-02  1.18834987e-01
  2.54122335e-02 -9.24912170e-02 -5.68701737e-02  4.25302647e-02
 -3.55388373e-02  3.71286236e-02 -4.22230400e-02  3.54608223e-02
 -2.36797775e-03  2.50513200e-03 -3.37281600e-02 -7.29281604e-02
 -1.63349211e-02  6.49468303e-02  4.68704803e-03  4.44433689e-02
 -9.33178663e-02 -2.79374025e-03 -7.94669427e-03 -1.01969922e-02
  7.14961113e-03 -2.10202411e-02 -3.54047269e-02 -1.43807799e-01
 -6.34732470e-02 -1.98242925e-02  3.00405943e-03  4.66011427e-02
 -1.84723679e-02  5.75720221e-02  6.97744936e-02 -4.56133261e-02
  3.79012711e-02 -8.11513364e-02 -4.28814478e-02 -3.60234044e-02
  1.54541582e-02 -5.19495681e-02 -1.72929596e-02  3.77940089e-02
 -3.24205644e-02 -6.12499379e-03  1.07747475e-02 -5.83570190e-02
 -2.06590239e-02 -9.64263920e-03  3.83003615e-02  2.29777656e-02
 -1.76765807e-02  7.52779888e-03  7.84686953e-03 -2.76272960e-08
  5.22431955e-02 -3.81893516e-02 -8.03643987e-02  9.24927089e-03
 -1.11492379e-02 -6.15925901e-03 -3.55802812e-02 -8.74793082e-02
 -1.74835976e-02 -4.54045832e-03  1.23360112e-01  2.82202661e-02
  3.36276256e-02  5.20591893e-05  6.71156198e-02 -4.10837941e-02
  4.29076105e-02  3.83362249e-02 -7.17266127e-02 -1.51835363e-02
  5.05084209e-02 -2.18059085e-02  1.22081945e-02  8.33764598e-02
 -3.69886830e-02 -2.92269159e-02 -8.08447674e-02 -3.46167348e-02
  2.83677801e-02 -1.44848172e-02  4.17669825e-02  7.40332082e-02
 -3.48128863e-02  5.43120392e-02 -1.94700491e-02  1.16176566e-03
  1.28729111e-02 -1.15693687e-02 -3.72580774e-02 -1.47403963e-02
 -5.97272068e-02 -1.16575271e-01 -1.50679704e-02 -5.26144542e-02
 -1.03456512e-01 -1.25346988e-01  5.97910210e-02  1.85491366e-03
  2.61714254e-02  3.68780009e-02 -1.36898635e-02 -3.98743935e-02
 -3.92301604e-02  8.61320347e-02 -4.45918217e-02  5.71954949e-03
 -4.76476438e-02  4.82426435e-02  5.84586672e-02  3.39023322e-02
 -5.19682765e-02  5.73276356e-02 -4.09823619e-02 -5.63015640e-02]"
8,Bright Floral Skirt,"Colorful floral print, playful and energetic — daytime summer vibes.","['playful', 'summer', 'bright']","Bright Floral Skirt. Colorful floral print, playful and energetic — daytime summer vibes. Vibes: playful summer bright","[ 3.33110057e-02  2.64776889e-02  1.06193535e-01  5.35049327e-02
  5.40839471e-02 -1.17826676e-02  5.10037690e-02 -7.61610195e-02
 -1.64233136e-03 -1.60359014e-02  4.09692153e-02 -2.41150018e-02
  2.68792715e-02 -2.91555049e-03  1.26736253e-01  1.05266809e-01
  1.32462561e-01  9.74685233e-03  1.84480324e-02  2.08813213e-02
 -4.06566039e-02 -3.79675440e-02 -1.06330691e-02  9.78894755e-02
 -4.65041287e-02 -3.26967239e-03  6.07850291e-02  9.07969326e-02
 -3.53564806e-02 -3.42742242e-02 -2.37488188e-03  1.56311646e-01
 -5.28090959e-03  3.07776853e-02 -1.95460413e-02  1.56396572e-02
  2.19451170e-02 -8.23313147e-02  1.83751229e-02  5.84912114e-02
 -7.76708648e-02 -2.08225921e-02 -6.25657216e-02  5.21563105e-02
 -5.07783704e-02  9.93021484e-03 -3.25994659e-03  2.97252983e-02
 -5.82520626e-02  3.69997099e-02 -1.60311419e-03 -2.05787979e-02
 -8.51238742e-02  8.39809328e-03 -3.94826271e-02  6.41316641e-03
 -4.42758314e-02  7.80185335e-04  5.46944812e-02 -3.82473618e-02
 -3.20730619e-02  7.34564513e-02 -7.71336723e-04  9.54806153e-03
 -4.28425819e-02 -8.39536786e-02 -9.31159705e-02  3.86332721e-02
  6.17321543e-02 -1.34974822e-01  1.00691598e-02  3.35539244e-02
  1.57605167e-02  6.88784122e-02 -5.87853938e-02 -2.41913982e-02
  4.76039480e-03 -1.63320918e-02 -1.95594374e-02 -1.64131057e-02
 -7.09059695e-03 -2.62761898e-02 -3.80901918e-02  1.63234212e-02
  2.25066897e-02 -8.52575246e-03 -3.23494375e-02 -3.66753712e-02
  8.83473665e-04 -1.15802949e-02 -8.49856436e-02 -2.20065266e-02
 -3.05244327e-02 -4.47405055e-02 -4.79260571e-02  9.79269296e-03
 -2.82718544e-03 -1.21403471e-01 -2.77841259e-02  2.01181993e-02
  9.02495999e-03  1.58742946e-02  3.60196456e-02  5.83907701e-02
 -6.57738671e-02 -5.68648577e-02  1.10245133e-02 -2.10108515e-02
  4.62926133e-03 -1.68623012e-02 -6.13085041e-03 -6.21891394e-03
  3.49770114e-02 -3.26815657e-02 -4.86554056e-02 -7.13744015e-02
 -8.66072997e-03  8.30491248e-04  6.36041909e-02  5.43382354e-02
  3.11333816e-02 -1.05813947e-02 -3.19396108e-02 -1.35952523e-02
 -7.68911317e-02 -2.32145805e-02 -9.24293697e-03  1.80619310e-34
  6.20467812e-02  2.79759020e-02  3.35979536e-02  6.91838637e-02
  7.23107830e-02 -6.16615638e-02  3.81395631e-02 -1.10254511e-01
 -9.07640234e-02 -3.81628349e-02  1.52593981e-02 -2.01745015e-02
 -3.22440118e-02  8.34008306e-02  1.30343242e-02 -8.62487778e-02
 -2.18126886e-02  2.46353820e-02  7.42451334e-03  9.50196832e-02
 -1.26628384e-01  2.00068876e-02  3.37360241e-02 -1.85902789e-02
 -6.20273128e-02 -1.58239249e-03  3.62481485e-04 -2.73915697e-02
 -6.94113737e-03  3.12042776e-02  8.29907879e-02 -1.44476639e-02
  5.04608415e-02  5.20402379e-02 -3.94562781e-02 -2.32600700e-02
  2.96679381e-02 -9.39484909e-02  9.91607010e-02  3.01754624e-02
 -4.04385068e-02  2.77499855e-02  4.26137894e-02  1.05203293e-01
 -2.10846160e-02  8.43628421e-02  4.47503403e-02  8.38464648e-02
  3.72689068e-02  3.35775577e-02 -6.90983608e-03 -2.30114553e-02
  5.55500537e-02 -4.96480837e-02 -7.37808719e-02 -2.20264401e-02
 -4.22208644e-02 -3.64162475e-02  1.34753296e-02 -4.43265922e-02
  6.62420020e-02  6.49047196e-02 -5.65064810e-02 -1.38750449e-01
  1.63066369e-02 -4.18964773e-02  2.29911059e-02  2.92448383e-02
  3.14533710e-04  2.55285185e-02  3.47630144e-03  5.98329566e-02
  9.49276537e-02  3.14865299e-02  5.95279559e-02 -2.60529872e-02
  1.17720298e-01 -5.84965944e-02  1.04296915e-01  2.08477061e-02
 -5.47165647e-02  4.66352664e-02  1.19409757e-02  3.17794047e-02
 -4.55895066e-03 -6.23577423e-02  1.10923015e-02 -2.00378709e-02
 -1.36987746e-01  2.13669706e-02 -3.61698121e-02  2.56765913e-02
  6.65243790e-02 -8.14291462e-03 -4.23084982e-02 -2.13730054e-33
  5.40064611e-02  1.23171788e-02 -5.81832826e-02  6.47052154e-02
  4.23902459e-02  1.40712187e-02 -1.47901371e-01 -9.36979707e-03
 -2.84430385e-02  7.70848319e-02 -1.59704648e-02 -8.68176762e-03
 -6.68164641e-02 -1.54624870e-02  2.54252693e-03 -1.67230982e-02
  8.47221911e-02  9.39252302e-02 -3.89235429e-02  4.04074416e-02
 -3.64653245e-02  3.77998985e-02 -4.12479565e-02 -7.26215392e-02
 -8.29467475e-02  6.18923530e-02  4.10133936e-02 -3.36982496e-02
 -3.87244262e-02  3.73500213e-02  4.54781018e-03 -3.53847370e-02
  3.28710601e-02  5.34126954e-03  2.45207865e-02  4.26426791e-02
 -3.98338251e-02 -1.13156676e-01 -3.50910388e-02  5.63781559e-02
  3.20172459e-02 -6.13344200e-02  7.74415433e-02  5.20667955e-02
 -1.12124234e-02 -4.02600765e-02 -6.82279915e-02  9.71988514e-02
 -1.65952761e-02 -4.90804575e-02  1.73278842e-02  6.66947989e-03
 -3.55573073e-02  1.28829228e-02 -2.62151882e-02 -6.31399900e-02
  7.61790574e-03  6.58036396e-02 -1.78105235e-02  5.42530194e-02
 -4.80425823e-03  5.65625355e-02 -8.92498270e-02  2.47586686e-02
 -1.75541490e-02  2.88853124e-02 -7.20276162e-02 -1.43626362e-01
 -1.07111305e-01  3.06663942e-02 -2.49283519e-02 -2.31551342e-02
 -4.93079126e-02  2.94836909e-02  4.80535999e-02 -3.22592743e-02
 -1.73279527e-03 -4.65055071e-02 -5.96230216e-02  4.21254858e-02
 -4.88360301e-02 -4.96707521e-02 -5.17205037e-02 -1.73696205e-02
  8.44701659e-03  5.68599487e-03 -1.35618627e-01 -2.76612658e-02
 -2.47473996e-02 -3.02616432e-02  3.51872621e-03  4.97447401e-02
 -3.58581580e-02  2.05570813e-02  5.40433787e-02 -2.37310633e-08
  5.86962700e-02 -2.19074711e-02 -1.28262322e-02 -7.75384530e-02
  1.56975780e-02 -6.20231312e-03  2.26644780e-02 -5.49202785e-02
  2.90109627e-02  5.84270805e-03  5.65400645e-02 -3.16322260e-02
  1.35400717e-03  3.47544178e-02  2.86559109e-02 -2.18902770e-02
  2.97516398e-02  1.05361156e-01 -3.81116793e-02  8.78194533e-03
  3.21406149e-03  3.93714532e-02 -1.00689661e-02 -4.41811159e-02
 -1.22465147e-02 -1.55280891e-03 -1.93254761e-02  8.02022777e-03
  1.83955412e-02 -1.04802614e-02  8.71407315e-02  9.04749781e-02
 -5.49790123e-03 -1.52390925e-02 -1.18837722e-01 -2.38529835e-02
 -2.02548169e-02  1.03678890e-02 -6.56843036e-02  6.04621693e-03
 -4.92958091e-02 -3.54318880e-02  3.29474430e-03  7.37693533e-03
  1.80570297e-02 -8.50669295e-03  8.00282583e-02 -6.87612295e-02
 -3.14985737e-02  8.81158412e-02 -4.68937904e-02 -5.12488857e-02
  5.92243187e-02  2.73429509e-02 -1.21475058e-02 -4.97409850e-02
 -6.70344904e-02  4.66136634e-02  3.20924930e-02 -1.31692470e-03
  3.84948328e-02  2.16972530e-02 -4.26376350e-02  4.58982326e-02]"
